{"initial_reset_timestamp": 1591135903.4993958, "timestamps": [1591135912.5696929], "episode_lengths": [500], "episode_rewards": [500.0], "episode_types": ["t"]}