{"initial_reset_timestamp": 1591135447.9698913, "timestamps": [1591135456.8190315], "episode_lengths": [500], "episode_rewards": [500.0], "episode_types": ["t"]}